schema,relation,constraint,class
public,application_access_directory_v1,application_access_directory_v1_created_by_fkey,N
public,application_finance_visibility_policy_v1,application_finance_visibility_policy_v1_updated_by_fkey,N
public,attendance_events,attendance_events_created_by_fkey,N
public,attendance_events,attendance_events_location_id_fkey,N
public,attendance_events,attendance_events_shift_id_fkey,N
public,availability_exception_reviews_v2,availability_exception_reviews_v2_constraint_id_fkey,N
public,availability_exception_reviews_v2,availability_exception_reviews_v2_hot_day_event_id_fkey,N
public,availability_exception_reviews_v2,availability_exception_reviews_v2_matrix_version_id_fkey,N
public,availability_exception_reviews_v2,availability_exception_reviews_v2_requested_by_fkey,N
public,availability_exception_reviews_v2,availability_exception_reviews_v2_reviewed_by_fkey,N
public,business_app_integrations_v1,business_app_integrations_v1_created_by_fkey,N
public,business_app_integrations_v1,business_app_integrations_v1_updated_by_fkey,N
public,composite_schedules,composite_schedules_created_by_fkey,N
public,composite_schedules,composite_schedules_matrix_version_id_fkey,N
public,demand_rules,demand_rules_location_id_fkey,N
public,employee_availability_history,employee_availability_history_changed_by_fkey,N
public,employee_availability_history,employee_availability_history_employee_id_fkey,N
public,employee_availability,employee_availability_updated_by_fkey,N
public,employee_hr_profiles,employee_hr_profiles_updated_by_fkey,N
public,employee_locations,employee_locations_location_id_fkey,N
public,employee_pay_rates_v2,employee_pay_rates_v2_created_by_fkey,N
public,employee_pay_rates_v2,employee_pay_rates_v2_updated_by_fkey,N
public,employee_requests_v1,employee_requests_v1_constraint_id_fkey,N
public,employee_requests_v1,employee_requests_v1_legacy_review_id_fkey,N
public,employee_requests_v1,employee_requests_v1_requested_by_fkey,N
public,employee_requests_v1,employee_requests_v1_reviewed_by_fkey,N
public,employee_time_constraints_v2,employee_time_constraints_v2_created_by_fkey,N
public,employee_time_constraints_v2,employee_time_constraints_v2_supersedes_id_fkey,N
public,employee_weekly_work_patterns_v2,employee_weekly_work_patterns_v2_created_by_fkey,N
public,employee_weekly_work_patterns_v2,employee_weekly_work_patterns_v2_location_id_fkey,N
public,employee_weekly_work_patterns_v2,employee_weekly_work_patterns_v2_role_id_fkey,N
public,employee_weekly_work_patterns_v2,employee_weekly_work_patterns_v2_supersedes_id_fkey,N
public,employees,employees_archived_by_fkey,N
public,employer_cost_components_v2,employer_cost_components_v2_created_by_fkey,N
public,employer_cost_components_v2,employer_cost_components_v2_supersedes_id_fkey,N
public,event_demand_changes,event_demand_changes_event_id_fkey,N
public,integration_runs,integration_runs_executed_by_fkey,N
public,matrix_conflicts,matrix_conflicts_composite_schedule_id_fkey,N
public,matrix_conflicts,matrix_conflicts_employee_id_fkey,N
public,matrix_conflicts,matrix_conflicts_resolved_by_fkey,N
public,matrix_conflicts,matrix_conflicts_role_plan_section_id_fkey,N
public,matrix_demand,matrix_demand_function_id_fkey,N
public,matrix_demand,matrix_demand_role_id_fkey,N
public,matrix_employee_duties_v2,matrix_employee_duties_v2_matrix_version_id_location_id_fkey,N
public,matrix_employee_duties_v2,matrix_employee_duties_v2_matrix_version_id_role_id_fkey,N
public,matrix_employee_profiles_v2,matrix_employee_profiles_v2_archived_by_fkey,N
public,matrix_employee_profiles_v2,matrix_employee_profiles_v2_created_by_fkey,N
public,matrix_employee_profiles_v2,matrix_employee_profiles_v2_updated_by_fkey,N
public,matrix_employee_roles_v2,matrix_employee_roles_v2_created_by_fkey,N
public,matrix_employee_roles_v2,matrix_employee_roles_v2_updated_by_fkey,N
public,matrix_employee_roles,matrix_employee_roles_employee_id_fkey,N
public,matrix_employee_roles,matrix_employee_roles_role_id_fkey,N
public,matrix_import_runs,matrix_import_runs_created_by_fkey,N
public,matrix_import_runs,matrix_import_runs_matrix_version_id_fkey,N
public,matrix_pay_rule_duties_v2,matrix_pay_rule_duties_v2_matrix_version_id_pay_rule_id_fkey,N
public,matrix_pay_rule_locations_v2,matrix_pay_rule_locations_v2_matrix_version_id_pay_rule_id_fkey,N
public,matrix_pay_rule_roles_v2,matrix_pay_rule_roles_v2_matrix_version_id_pay_rule_id_fkey,N
public,matrix_pay_rule_shifts_v2,matrix_pay_rule_shifts_v2_matrix_version_id_pay_rule_id_fkey,N
public,matrix_role_functions,matrix_role_functions_function_id_fkey,N
public,matrix_scenario_budgets_v2,matrix_scenario_budgets_v2_matrix_version_id_duty_id_fkey,N
public,matrix_scenario_budgets_v2,matrix_scenario_budgets_v2_matrix_version_id_location_id_fkey,N
public,matrix_scenario_budgets_v2,matrix_scenario_budgets_v2_matrix_version_id_role_id_fkey,N
public,matrix_scenario_pay_rule_overrides_v2,matrix_scenario_pay_rule_over_matrix_version_id_pay_rule_i_fkey,N
public,matrix_scenario_pay_rule_overrides_v2,matrix_scenario_pay_rule_over_matrix_version_id_scenario_i_fkey,N
public,matrix_scenario_pay_rule_overrides_v2,matrix_scenario_pay_rule_overrides_v2_matrix_version_id_fkey,R
public,matrix_scenario_strategies_v2,matrix_scenario_strategies_v2_matrix_version_id_fkey,R
public,matrix_scenario_strategies_v2,matrix_scenario_strategies_v2_matrix_version_id_scenario_i_fkey,N
public,matrix_scenario_strategies_v2,matrix_scenario_strategies_v2_matrix_version_id_strategy_i_fkey,N
public,matrix_scope_grants_v2,matrix_scope_grants_v2_created_by_fkey,N
public,matrix_shift_templates,matrix_shift_templates_location_id_fkey,N
public,matrix_strategies_v2,matrix_strategies_v2_legacy_optimizer_profile_id_fkey,N
public,matrix_versions,matrix_versions_base_version_id_fkey,N
public,matrix_versions,matrix_versions_created_by_fkey,N
public,matrix_versions,matrix_versions_published_by_fkey,N
public,monthly_budget_revisions_v2,monthly_budget_revisions_v2_created_by_fkey,N
public,monthly_budgets,monthly_budgets_updated_by_fkey,N
public,notifications,notifications_task_id_fkey,N
public,operational_assignment_replacements_v2,operational_assignment_replacement_replacement_employee_id_fkey,N
public,operational_assignment_replacements_v2,operational_assignment_replacements__standby_assignment_id_fkey,N
public,operational_assignment_replacements_v2,operational_assignment_replacements_v2_created_by_fkey,N
public,operational_assignment_replacements_v2,operational_assignment_replacements_v2_revoked_by_fkey,N
public,operational_events,operational_events_created_by_fkey,N
public,operational_events,operational_events_verifier_user_id_fkey,N
public,operational_program_audit_v1,operational_program_audit_v1_actor_id_fkey,N
public,operational_program_audit_v1,operational_program_audit_v1_event_id_fkey,N
public,operational_program_checklist_items_v1,operational_program_checklist_items_v1_completed_by_fkey,N
public,operational_program_checklist_items_v1,operational_program_checklist_items_v1_event_id_fkey,N
public,operational_program_events_v1,operational_program_events_v1_cancelled_by_fkey,N
public,operational_program_events_v1,operational_program_events_v1_created_by_fkey,N
public,operational_program_events_v1,operational_program_events_v1_location_id_fkey,N
public,operational_program_events_v1,operational_program_events_v1_parent_event_id_fkey,N
public,operational_program_events_v1,operational_program_events_v1_published_by_fkey,N
public,operational_program_inventory_links_v1,operational_program_inventory_links_v1_integration_id_fkey,N
public,operational_program_participants_v1,operational_program_participants_v1_auth_user_id_fkey,N
public,operational_program_participants_v1,operational_program_participants_v1_employee_id_fkey,N
public,optimization_runs,optimization_runs_matrix_version_id_fkey,N
public,optimization_runs,optimization_runs_profile_id_fkey,N
public,optimization_runs,optimization_runs_requested_by_fkey,N
public,plan_issues,plan_issues_shift_id_fkey,N
public,plan_variants_v2,plan_variants_v2_last_edited_by_fkey,N
public,plans,plans_created_by_fkey,N
public,plans,plans_parent_plan_id_fkey,N
public,published_schedule_variants_v2,published_schedule_variants_v2_role_id_fkey,N
public,published_schedules_v2,published_schedules_v2_archived_by_fkey,N
public,published_standby_assignments_v2,published_standby_assignments_v2_activated_assignment_id_fkey,N
public,published_standby_assignments_v2,published_standby_assignments_v2_activated_by_fkey,N
public,published_standby_assignments_v2,published_standby_assignments_v2_activated_shift_id_fkey,N
public,published_standby_assignments_v2,published_standby_assignments_v2_created_by_fkey,N
public,published_standby_assignments_v2,published_standby_assignments_v2_matrix_version_id_fkey,N
public,published_standby_assignments_v2,published_standby_assignments_v2_role_id_fkey,N
public,published_standby_assignments_v2,published_standby_assignments_v2_source_role_schedule_id_fkey,N
public,published_standby_assignments_v2,published_standby_assignments_v2_source_schedule_id_fkey,N
public,published_standby_assignments_v2,published_standby_assignments_v2_source_variant_id_fkey,N
public,recovery_actions_v2,recovery_actions_v2_draft_variant_id_fkey,N
public,recovery_actions_v2,recovery_actions_v2_duty_id_fkey,N
public,recovery_actions_v2,recovery_actions_v2_role_id_fkey,N
public,recovery_actions_v2,recovery_actions_v2_selected_employee_id_fkey,N
public,recovery_actions_v2,recovery_actions_v2_shift_id_fkey,N
public,recovery_actions_v2,recovery_actions_v2_source_assignment_id_fkey,N
public,recovery_actions_v2,recovery_actions_v2_source_issue_id_fkey,N
public,recovery_ad_hoc_pool_v2,recovery_ad_hoc_pool_v2_created_by_fkey,N
public,recovery_ad_hoc_pool_v2,recovery_ad_hoc_pool_v2_employee_id_fkey,N
public,recovery_incident_rate_revisions_v2,recovery_incident_rate_revisions_v2_approved_by_fkey,N
public,recovery_incident_rate_revisions_v2,recovery_incident_rate_revisions_v2_employee_id_fkey,N
public,recovery_incident_rate_revisions_v2,recovery_incident_rate_revisions_v2_proposed_by_fkey,N
public,recovery_incident_rate_revisions_v2,recovery_incident_rate_revisions_v2_supersedes_id_fkey,N
public,recovery_incidents_v2,recovery_incidents_v2_created_by_fkey,N
public,recovery_incidents_v2,recovery_incidents_v2_employee_id_fkey,N
public,recovery_incidents_v2,recovery_incidents_v2_location_id_fkey,N
public,recovery_incidents_v2,recovery_incidents_v2_role_id_fkey,N
public,recovery_incidents_v2,recovery_incidents_v2_schedule_id_fkey,N
public,recovery_incidents_v2,recovery_incidents_v2_updated_by_fkey,N
public,recovery_month_revisions_v2,recovery_month_revisions_v2_updated_by_fkey,N
public,recovery_overrides_v2,recovery_overrides_v2_approved_by_fkey,N
public,recovery_overrides_v2,recovery_overrides_v2_created_by_fkey,N
public,recovery_overrides_v2,recovery_overrides_v2_employee_id_fkey,N
public,recovery_overrides_v2,recovery_overrides_v2_incident_id_fkey,N
public,recovery_overrides_v2,recovery_overrides_v2_role_id_fkey,N
public,role_plan_assignments,role_plan_assignments_assignment_id_fkey,N
public,role_plan_sections,role_plan_sections_approved_by_fkey,N
public,role_plan_sections,role_plan_sections_created_by_fkey,N
public,role_plan_sections,role_plan_sections_legacy_plan_id_fkey,N
public,role_plan_sections,role_plan_sections_matrix_version_id_fkey,N
public,role_plan_sections,role_plan_sections_role_id_fkey,N
public,shift_swap_history_v2,shift_swap_history_v2_actor_id_fkey,N
public,shift_swap_history_v2,shift_swap_history_v2_request_id_fkey,N
public,shift_swap_requests_v2,shift_swap_requests_v2_accepted_by_employee_id_fkey,N
public,shift_swap_requests_v2,shift_swap_requests_v2_created_by_fkey,N
public,shift_swap_requests_v2,shift_swap_requests_v2_leader_decided_by_fkey,N
public,shift_swap_requests_v2,shift_swap_requests_v2_matrix_version_id_fkey,N
public,shift_swap_requests_v2,shift_swap_requests_v2_proposer_employee_id_fkey,N
public,shift_swap_requests_v2,shift_swap_requests_v2_replacement_id_fkey,N
public,shift_swap_requests_v2,shift_swap_requests_v2_role_id_fkey,N
public,shift_swap_requests_v2,shift_swap_requests_v2_target_employee_id_fkey,N
public,shifts,shifts_location_id_fkey,N
public,shifts,shifts_source_event_id_fkey,N
public,solver_feature_flags,solver_feature_flags_updated_by_fkey,N
public,tasks,tasks_created_by_fkey,N
public,tasks,tasks_source_event_id_fkey,N
public,team_conversation_members_v1,team_conversation_members_v1_employee_id_fkey,N
public,team_conversations_v1,team_conversations_v1_created_by_fkey,N
public,team_messages_v1,team_messages_v1_sender_user_id_fkey,N
public,time_records,time_records_approved_by_fkey,N
public,workforce_calendar_events_v2,workforce_calendar_events_v2_cancelled_by_fkey,N
public,workforce_calendar_events_v2,workforce_calendar_events_v2_created_by_fkey,N
public,workforce_calendar_events_v2,workforce_calendar_events_v2_matrix_version_id_fkey,R
public,workforce_calendar_events_v2,workforce_calendar_events_v2_matrix_version_id_location_id_fkey,N
public,workforce_event_demand_v2,workforce_event_demand_v2_matrix_version_id_duty_id_fkey,N
public,workforce_event_demand_v2,workforce_event_demand_v2_matrix_version_id_fkey,R
public,workforce_event_demand_v2,workforce_event_demand_v2_matrix_version_id_role_id_fkey,N
public,workforce_event_demand_v2,workforce_event_demand_v2_matrix_version_id_shift_template_fkey,N
public,workforce_hot_day_limits_v2,workforce_hot_day_limits_v2_matrix_version_id_fkey,R
public,workforce_hot_day_limits_v2,workforce_hot_day_limits_v2_matrix_version_id_role_id_fkey,N
solver_private,leader_variant_history_cursor_v2,leader_variant_history_cursor_v2_current_seq_fkey,N
solver_private,leader_variant_history_cursor_v2,leader_variant_history_cursor_v2_updated_by_fkey,N
solver_private,leader_variant_history_v2,leader_variant_history_v2_created_by_fkey,N
